{
          "criteria": {
            "requirement": {
              "trigger": "minecraft:player_hurt_entity",
              "conditions": {
                "damage": {
                  "type": {
                    "tags": [
                      {
                        "id": "minecraft:is_projectile",
                        "expected": false
                      }
                    ]
                  }
                }
              }
            }
          },
          "rewards": {
            "function": "players:attack_melee"
          }
        }
        